_id,addtime,category,commentsNumber,id,mallPcPrice,marketPrice,masterImg,name1,storage,upOrdown,updatedAt
61d6dfbea372f6f2f0fa6ddc,2021/10/16 16:37:33,超级电视,1041,60,2499.00,2999.00,1628250827337.jpg,乐视（Letv）超级电视F55 55英寸全面屏4k超高清AI人工智能语音wifi网络平板液晶电视机  ,123223,true,
61d6dfbea372f6f2f0fa6ddd,2021/10/16 16:37:33,超级电视,1069,61,999.00,1099.00,1630289459479.jpg,乐视（Letv）超级电视 F32 32英寸全面屏 1GB+8GB大存储 HD高清屏人工智能网络液晶平板小客厅卧室电视,,true,
61d6dfbea372f6f2f0fa6dde,2021/10/16 16:37:33,超级电视,1062,62,1499.00,1499.00,1626430405274.jpg,乐视（Letv）超级电视F43 43英寸全面屏1GB+8GB人工智能全高清LED平板液晶网络电视机,100,true,
61d6dfbea372f6f2f0fa6ddf,2021/10/16 16:37:33,超级电视,112,63,1469.00,1449.00,1626430349175.jpg,乐视（Letv）超级电视 F43C 43英寸全面屏 1GB+8GB 人工智能全高清LED平板液晶网络电视,0,true,
61d6dfbea372f6f2f0fa6de0,2021/10/16 16:37:33,超级电视,48,64,3399.00,3999.00,1631694439860.jpg,乐视（Letv）超级电视 F65 65英寸全面屏 2GB+16GB大存储 4K超高清人工智能网络液晶平板电视机,0,true,
61d6dfbea372f6f2f0fa6de2,2021/10/16 16:37:33,超级电视,70,67,3499.00,3549.00,1632828322545.jpg,乐视123（Letv）超级电视 G55Pro 55寸量子点3.0全面屏4K超高清2GB+16GB大存储智能网络液晶电视 ,,true,
61d6dfbea372f6f2f0fa6de3,2021/10/16 16:37:33,超级电视,0,69,8999.00,9999.00,1626690004612.jpg,乐视电视（Letv）超4X75 75英寸4K超高清AI人工智能语音3+32G大存储电视机 75英寸AI语音（挂架版）,,true,
61d6dfbea372f6f2f0fa6de4,2021/10/20 15:53:36,影音娱乐,42,71,148.00,199.00,1631498793514.png,Letv/乐视 L18蓝牙降噪耳塞运动无线耳机(白色),,true,
61d6dfbea372f6f2f0fa6de5,2021/10/20 15:53:36,影音娱乐,34,72,148.00,199.00,1631498853001.png,Letv/乐视 L18蓝牙降噪耳塞运动无线耳机(黑色) ,,true,
61d6dfbea372f6f2f0fa6de6,2021/10/20 15:53:36,影音娱乐,48,73,299.00,299.00,1631498917767.png,乐视（Letv）Ears pro 真无线主动降噪蓝牙耳机 主动降噪 蓝牙5.0 无线充电 苹果安卓手机通用（白色）,,true,
61d6dfbea372f6f2f0fa6de7,2021/10/20 15:53:36,影音娱乐,23,74,299.00,299.00,1631498894420.png,乐视（Letv）Ears pro 真无线主动降噪蓝牙耳机 主动降噪 蓝牙5.0 无线充电 苹果安卓手机通用（黑色）,,true,
61d6dfbea372f6f2f0fa6de8,2021/10/20 15:49:41,遥控器,2,78,99.00,109.00,1624329175820.jpg,乐视（Letv ）电视机16键蓝牙语音遥控器 电视机 （含蓝牙适配器）,,true,
61d6dfbea372f6f2f0fa6de9,2021/10/20 15:49:41,遥控器,2,79,69.00,79.00,1614586440844.jpg,乐视16键蓝牙遥控器F系列/G系列/超5系列电视通用 黑色,,true,
61d6dfbea372f6f2f0fa6dea,2021/10/16 16:37:33,超级电视,180,80,949.00,1049.00,1630289424222.jpg,乐视（Letv）超级电视 F32C 32英寸全面屏 1GB+8GB大存储 HD高清屏智能网络平板电视机 底座版,,true,
61d6dfbea372f6f2f0fa6deb,2021/10/16 16:37:33,超级电视,172,81,2299.00,2899.00,1626430139157.jpg,乐视（Letv）超级电视 G55S 55英寸全面屏 3GB+32GB大存储 4K超高清屏幕超级电视,,true,
61d6dfbea372f6f2f0fa6dec,2021/10/16 16:37:33,超级电视,0,84,1699.00,1599.00,1626689867617.jpg,乐视（Letv）超级电视 Q43A  43英寸全面屏 1GB+8GB大存储 1080P全高清屏幕超级电视,,true,
61d6dfbea372f6f2f0fa6ded,2021/10/16 16:37:33,超级电视,59,86,2499.00,2999.00,1626689867617.jpg,乐视（Letv）超级电视 F55A  55英寸全面屏 4K HDR超高清 支持8K视频内容,,true,
61d6dfbea372f6f2f0fa6dee,2021/10/16 16:37:33,超级电视,274,87,1399.00,1449.00,1626430042455.jpg,乐视（Letv）超级电视 F40 40英寸全面屏 1GB+8GB 人工智能全高清LED平板液晶网络电视机,,true,
61d6dfbea372f6f2f0fa6def,2021/10/20 15:56:11,手机配件,7,93,119.00,199.00,1630667690635.jpg,乐视（Letv）移动电源智能无线快充充电宝 LE-DY10,,true,
61d6dfbea372f6f2f0fa6df1,2021/10/20 15:51:27,厨卫大电,0,100,4299.00,4999.00,1622000464715.jpg,乐视（Letv）油烟机 K91,,true,
61d6dfbea372f6f2f0fa6df2,2021/10/20 15:51:27,厨卫大电,0,101,4299.00,4299.00,1630497972818.jpg,乐视（Letv）电热水器 S91,,true,
61d6dfbea372f6f2f0fa6df3,2021/10/20 15:52:23,防盗监控,0,102,1399.00,1799.00,1630497884185.jpg,乐视（Letv）执手式智能指纹推拉门锁 L1A（星曜黑）,,true,
61d6dfbea372f6f2f0fa6df4,2021/10/20 15:52:23,防盗监控,0,103,1999.00,1999.00,1630497757359.jpg,乐视（Letv）执手式智能指纹推拉门锁 L3 （香槟金）,,true,
61d6dfbea372f6f2f0fa6df5,2021/10/20 15:52:23,防盗监控,0,105,1999.00,2799.00,1630497633874.jpg,乐视（Letv）全自动指纹电子门锁 S6（星曜黑）,,true,
61d6dfbea372f6f2f0fa6df6,2021/10/20 15:52:23,防盗监控,0,108,3299.00,3699.00,1630497343525.jpg,乐视（Letv）全自动指纹电子门锁 S6A（星曜黑）,,true,
61d6dfbea372f6f2f0fa6df7,2021/10/16 16:37:33,超级电视,34,109,4299.00,4999.00,1631800631870.jpg,乐视（Letv）超级电视 G65S  65英寸全面屏 3GB+32GB大存储 4K超高清屏幕超级电视,,true,
61d6dfbea372f6f2f0fa6df8,2021/10/20 15:53:36,影音娱乐,0,112,319.00,499.00,1627548009368.jpg,乐视（Letv）无线领夹式麦克风 手机直播 采访短视频专业拍vlog专用,,true,
61d6dfbea372f6f2f0fa6df9,2021/10/16 16:37:33,超级电视,2,118,3699.00,3999.00,1632828273833.jpg,乐视（Letv）超级电视 G55S  55英寸全面屏 3GB+32GB大存储 4K超高清屏幕超级电视,,true,
61d6dfbea372f6f2f0fa6dfa,2021/10/20 15:57:02,口腔护理,2,121,168.00,259.00,1631500717837.jpg,乐视（Letv）可爱小鸭儿童声波电动牙刷 LT1,,true,
61d6dfbea372f6f2f0fa6dfb,2021/10/20 15:57:02,口腔护理,14,122,198.00,299.00,1630667374443.jpg,乐视（Letv）超长续航成人旅行电动牙刷 LC1,,true,
61d6dfbea372f6f2f0fa6dfc,2021/10/20 15:57:02,口腔护理,1,124,188.00,288.00,1631500679568.jpg,乐视（Letv）智能声波电动牙刷 LC2,,true,
61d6dfbea372f6f2f0fa6dfd,2021/10/16 16:37:33,超级电视,0,126,6299.00,7299.00,1627981543640.jpg,乐视（Letv）超级电视 G70S 70英寸全面屏 3GB+32GB大存储 4K超高清屏幕 ,,true,
61d6dfbea372f6f2f0fa6dfe,2021/10/16 16:37:33,超级电视,0,127,1599.00,2999.00,1629198227222.jpg,乐视（Letv）超级电视 Q43S  43英寸全面屏 1GB+16GB大存储1080P全高清屏幕超级电视,,true,
61d6dfbea372f6f2f0fa6dff,2021/10/20 15:52:23,防盗监控,7,128,999.00,1299.00,1634526516595.jpg,乐视（Letv） 智能门锁 家用防盗门 指纹锁密码锁 C级锁芯 L1,,true,
61d6dfbea372f6f2f0fa6e00,2021/10/20 15:51:27,厨卫大电,0,130,1999.00,4199.00,1630498411218.jpg,乐视（Letv）飓风拢吸侧吸抽油烟机 K01,,true,
61d6dfbea372f6f2f0fa6e01,2021/10/20 15:57:55,外设产品,0,131,799.00,999.00,1631885995878.jpg,乐视（Letv ）21.5英寸家用办公显示器   （22Le1）,,true,
61d6dfbea372f6f2f0fa6e02,2021/10/20 15:57:55,外设产品,0,132,899.00,1099.00,1631885891065.jpg,乐视（Letv ）显示器 家用办公 23.8英寸 VA面板 显示屏 广视角 可壁挂 全高清液晶 电脑显示器（24Le1） ,,true,
61d6dfbea372f6f2f0fa6e03,2021/10/20 15:57:55,外设产品,0,133,999.00,1299.00,1631018329713.jpg,乐视（Letv ）显示器 27英寸 75Hz 三边微边框 IPS技术屏 广视角 低蓝光爱眼 可壁挂 办公电脑显示器 27Le1,,true,
61d6dfbea372f6f2f0fa6e04,2021/10/20 15:57:55,外设产品,0,134,1299.00,1499.00,1631885864330.jpg,乐视（Letv） 显示器 27英寸 2K/QHD IPS技术屏 HDR 75Hz 窄边框 可壁挂 电脑液晶办公高清显示器 27Le1Q ,,true,
61d6dfbea372f6f2f0fa6e05,2021/10/20 15:57:55,外设产品,0,135,1899.00,2099.00,1632485963766.jpg,乐视（Letv ）显示器 27英寸 IPS屏 2K/QHD 144/165Hz HDR技术 1ms 升降支架 电竞吃鸡高清电竞显示器27Le2Q ,,true,
61d6dfbea372f6f2f0fa6e06,2021/10/21 09:45:37,口腔护理,0,136,99.00,99.00,1631098835094.jpg,乐视（Letv）电动牙刷头 LC1/LC2 成人声波柔软毛清洁通用替换刷头 6支装,,true,
61d6dfbea372f6f2f0fa6e07,2021/10/21 09:44:44,口腔护理,0,137,99.00,99.00,1631098835094.jpg,乐视（Letv）儿童电动牙刷头软毛 LT1 儿童型【6支装】,,true,
61d6dfbea372f6f2f0fa6e08,2021/10/21 09:51:22,手机配件,0,138,24.00,49.00,1631098835094.jpg,乐视（Letv）快充苹果手机数据线 适用接口 Lightning+Type-C,,true,
61d6dfbea372f6f2f0fa6e09,2021/10/21 09:50:12,手机配件,1,139,18.00,29.00,1631102708363.jpg,乐视（Letv）苹果手机数据线 适用接口 Lightning+USB,,true,
61d6dfbea372f6f2f0fa6e0a,2021/10/20 15:56:11,手机配件,0,140,60.00,99.00,1633744237040.jpg,乐视（Letv）快充充电器30W超级快充充电头 兼容多种主流机型,,true,
61d6dfbea372f6f2f0fa6e0b,2021/10/20 15:54:29,智能穿戴,5,141,499.00,599.00,1633745189528.jpg,乐视（Letv）WATCH T2 成人智能运动手表 血氧监测 心率监测,123,true,
61d6dfbea372f6f2f0fa6e0d,2021/10/20 15:51:27,厨卫大电,1,145,1798.00,1999.00,1633743152739.jpg,乐视（Letv）19立方大吸力家用吸油烟机  J02,133,true,
61d6dfbea372f6f2f0fa6e0e,2021/10/16 16:37:33,超级电视,0,148,2499.00,2999.00,1632366735820.jpg,【乐码兑换】乐视（Letv）超级电视F55 55英寸全面屏4k超高清AI人工智能语音wifi网络平板液晶电视机,43543543,true,
61d6dfbea372f6f2f0fa6e12,2021/10/20 15:51:27,超级电视,1,158,998.00,1399.00,1633745164901.jpg,乐视（Letv）双灶燃气灶 4.5KW家用猛火灶 钢化玻璃双灶台嵌两用 一级能效 Z02,4321,true,2022-01-07T01:51:27.776Z
61d6dfbea372f6f2f0fa6e13,2021/10/20 15:56:11,智能穿戴,0,159,35.00,60.00,1633006436688.jpg,乐视（Letv）PD充电器 适用iphone12,1233,true,2022-01-07T00:53:29.613Z
61d7f0472a56a597941a7d08,,厨卫大电,,160,123.80,123.56,,312312222a a是是,2112336,true,2022-01-07T11:36:39.006Z
61d9356ce86f203d59a06e27,,厨卫大电,,161,871.10,87.00,,fassfa,123123,true,
61d936d6e86f203d59a06e5c,,厨卫大电,,162,123.00,123.13,,asfasfasf,123,true,
61e017ae6aca3e541491056f,,厨卫大电,,163,123.00,123.00,,阿斯顿,222,true,
61e018166aca3e541491058c,,厨卫大电,,164,123.40,1888.00,,啊杀杀杀杀杀杀杀杀杀,22,true,
61e018236aca3e5414910597,,厨卫大电,,165,124.00,77.00,,烦烦烦方法,123,true,
61e0193bca017c1ad2968cc1,,厨卫大电,,166,124.00,1235.20,,123,222,true,
61e01f71ca017c1ad2968d69,,厨卫大电,,167,123.89,123.46,,123,1,true,